Date,Visitor/Neutral,PTS,Home/Neutral,PTS,,,Attend.,Notes
Fri Feb 5 1999,Cleveland Cavaliers,83,Atlanta Hawks,100,Box Score,,19806,
Fri Feb 5 1999,Toronto Raptors,103,Boston Celtics,92,Box Score,,17892,
Fri Feb 5 1999,Philadelphia 76ers,78,Charlotte Hornets,66,Box Score,,21191,
Fri Feb 5 1999,Minnesota Timberwolves,110,Denver Nuggets,92,Box Score,,17171,
Fri Feb 5 1999,Washington Wizards,81,Indiana Pacers,96,Box Score,,16621,
Fri Feb 5 1999,Phoenix Suns,101,Los Angeles Clippers,92,Box Score,,7689,
Fri Feb 5 1999,Houston Rockets,91,Los Angeles Lakers,99,Box Score,,17505,
Fri Feb 5 1999,Detroit Pistons,95,Miami Heat,81,Box Score,,15200,
Fri Feb 5 1999,New York Knicks,85,Orlando Magic,93,Box Score,,17248,
Fri Feb 5 1999,Sacramento Kings,83,San Antonio Spurs,101,Box Score,,19002,
Fri Feb 5 1999,Dallas Mavericks,86,Seattle SuperSonics,92,Box Score,OT,17072,
Fri Feb 5 1999,Chicago Bulls,96,Utah Jazz,104,Box Score,,19911,
Sat Feb 6 1999,New Jersey Nets,106,Atlanta Hawks,111,Box Score,,21194,
Sat Feb 6 1999,Cleveland Cavaliers,73,Boston Celtics,77,Box Score,,18173,
Sat Feb 6 1999,Milwaukee Bucks,113,Charlotte Hornets,107,Box Score,OT,18820,
Sat Feb 6 1999,Houston Rockets,86,Golden State Warriors,84,Box Score,,18215,
Sat Feb 6 1999,Orlando Magic,75,Philadelphia 76ers,95,Box Score,,20143,
Sat Feb 6 1999,Minnesota Timberwolves,82,San Antonio Spurs,96,Box Score,,21319,
Sat Feb 6 1999,Toronto Raptors,97,Washington Wizards,98,Box Score,,19335,
Sun Feb 7 1999,Indiana Pacers,98,Detroit Pistons,107,Box Score,,18877,
Sun Feb 7 1999,Dallas Mavericks,102,Golden State Warriors,99,Box Score,2OT,12039,
Sun Feb 7 1999,Chicago Bulls,89,Los Angeles Clippers,84,Box Score,,6118,
Sun Feb 7 1999,Utah Jazz,100,Los Angeles Lakers,91,Box Score,,17505,
Sun Feb 7 1999,Atlanta Hawks,69,New Jersey Nets,79,Box Score,,18545,
Sun Feb 7 1999,Miami Heat,83,New York Knicks,79,Box Score,,19763,
Sun Feb 7 1999,Denver Nuggets,108,Phoenix Suns,115,Box Score,,19023,
Sun Feb 7 1999,Vancouver Grizzlies,87,Sacramento Kings,109,Box Score,,17317,
Sun Feb 7 1999,Portland Trail Blazers,88,Seattle SuperSonics,91,Box Score,,17072,
Mon Feb 8 1999,Miami Heat,91,Charlotte Hornets,94,Box Score,,18044,
Mon Feb 8 1999,Indiana Pacers,95,Cleveland Cavaliers,89,Box Score,,17139,
Mon Feb 8 1999,Washington Wizards,103,Detroit Pistons,106,Box Score,,14210,
Mon Feb 8 1999,Denver Nuggets,80,Houston Rockets,99,Box Score,,16285,
Mon Feb 8 1999,Boston Celtics,90,Orlando Magic,107,Box Score,,15410,
Mon Feb 8 1999,Los Angeles Lakers,80,San Antonio Spurs,75,Box Score,,33788,
Mon Feb 8 1999,Portland Trail Blazers,95,Vancouver Grizzlies,76,Box Score,,18353,
Tue Feb 9 1999,Atlanta Hawks,87,Chicago Bulls,71,Box Score,,22553,
Tue Feb 9 1999,Utah Jazz,90,Dallas Mavericks,79,Box Score,,17070,
Tue Feb 9 1999,Boston Celtics,108,Miami Heat,101,Box Score,,15200,
Tue Feb 9 1999,San Antonio Spurs,70,Minnesota Timberwolves,74,Box Score,,16422,
Tue Feb 9 1999,Detroit Pistons,86,Philadelphia 76ers,90,Box Score,,15871,
Tue Feb 9 1999,Sacramento Kings,112,Phoenix Suns,95,Box Score,,18217,
Tue Feb 9 1999,Golden State Warriors,71,Seattle SuperSonics,90,Box Score,,17072,
Tue Feb 9 1999,Milwaukee Bucks,91,Toronto Raptors,77,Box Score,,14577,at Toronto Canada (Maple Leaf Gardens)
Wed Feb 10 1999,Cleveland Cavaliers,87,Charlotte Hornets,77,Box Score,,18049,
Wed Feb 10 1999,Los Angeles Lakers,103,Denver Nuggets,98,Box Score,,13210,
Wed Feb 10 1999,Seattle SuperSonics,89,Golden State Warriors,82,Box Score,,8137,
Wed Feb 10 1999,Sacramento Kings,82,Houston Rockets,92,Box Score,,16285,
Wed Feb 10 1999,Orlando Magic,89,New Jersey Nets,81,Box Score,,13217,
Wed Feb 10 1999,Washington Wizards,88,New York Knicks,101,Box Score,,19763,
Wed Feb 10 1999,Indiana Pacers,92,Portland Trail Blazers,100,Box Score,,19980,
Wed Feb 10 1999,Los Angeles Clippers,99,Vancouver Grizzlies,105,Box Score,,14818,
Thu Feb 11 1999,Charlotte Hornets,88,Atlanta Hawks,100,Box Score,,8611,at Atlanta GA (Alexander Memorial Coliseum at McDonald's Center)
Thu Feb 11 1999,New York Knicks,73,Chicago Bulls,68,Box Score,,22194,
Thu Feb 11 1999,San Antonio Spurs,89,Cleveland Cavaliers,99,Box Score,,14228,
Thu Feb 11 1999,Houston Rockets,105,Dallas Mavericks,95,Box Score,,18121,
Thu Feb 11 1999,Orlando Magic,87,Detroit Pistons,81,Box Score,,17783,
Thu Feb 11 1999,Toronto Raptors,84,Miami Heat,102,Box Score,,14832,
Thu Feb 11 1999,New Jersey Nets,75,Milwaukee Bucks,95,Box Score,,18031,
Thu Feb 11 1999,Los Angeles Lakers,75,Minnesota Timberwolves,86,Box Score,,19006,
Thu Feb 11 1999,Utah Jazz,82,Phoenix Suns,74,Box Score,,19023,
Thu Feb 11 1999,Indiana Pacers,101,Vancouver Grizzlies,97,Box Score,,14914,
Fri Feb 12 1999,Dallas Mavericks,94,Denver Nuggets,100,Box Score,,10012,
Fri Feb 12 1999,Utah Jazz,97,Golden State Warriors,81,Box Score,,11022,
Fri Feb 12 1999,San Antonio Spurs,98,Philadelphia 76ers,94,Box Score,,16892,
Sat Feb 13 1999,Los Angeles Clippers,104,Phoenix Suns,107,Box Score,OT,19023,
Sat Feb 13 1999,Denver Nuggets,92,Seattle SuperSonics,105,Box Score,,17072,
Sun Feb 14 1999,San Antonio Spurs,89,Chicago Bulls,76,Box Score,,22386,
Sun Feb 14 1999,Portland Trail Blazers,100,Golden State Warriors,105,Box Score,2OT,10847,
Sun Feb 14 1999,Minnesota Timberwolves,95,Los Angeles Clippers,73,Box Score,,8592,
Sun Feb 14 1999,Indiana Pacers,101,Los Angeles Lakers,99,Box Score,,17505,
Sun Feb 14 1999,Milwaukee Bucks,82,Orlando Magic,85,Box Score,,15914,
Sun Feb 14 1999,Atlanta Hawks,70,Philadelphia 76ers,78,Box Score,,13307,
Sun Feb 14 1999,Dallas Mavericks,92,Vancouver Grizzlies,96,Box Score,,16059,
Mon Feb 15 1999,Phoenix Suns,115,Denver Nuggets,106,Box Score,,10415,
Mon Feb 15 1999,Minnesota Timberwolves,99,Golden State Warriors,101,Box Score,,13118,
Mon Feb 15 1999,New Jersey Nets,72,Miami Heat,95,Box Score,,15200,
Mon Feb 15 1999,Detroit Pistons,69,New York Knicks,78,Box Score,,19763,
Mon Feb 15 1999,Dallas Mavericks,84,Portland Trail Blazers,99,Box Score,,18231,
Mon Feb 15 1999,Sacramento Kings,112,Utah Jazz,120,Box Score,OT,19911,
Tue Feb 16 1999,Atlanta Hawks,83,Chicago Bulls,67,Box Score,,22156,
Tue Feb 16 1999,Orlando Magic,78,Cleveland Cavaliers,90,Box Score,,12918,
Tue Feb 16 1999,Phoenix Suns,92,Houston Rockets,109,Box Score,,16285,
Tue Feb 16 1999,Miami Heat,89,Indiana Pacers,78,Box Score,,15812,
Tue Feb 16 1999,Vancouver Grizzlies,93,Los Angeles Clippers,89,Box Score,2OT,9626,at Anaheim CA
Tue Feb 16 1999,Charlotte Hornets,88,Los Angeles Lakers,116,Box Score,,14093,
Tue Feb 16 1999,Detroit Pistons,82,New Jersey Nets,97,Box Score,,15633,
Tue Feb 16 1999,Toronto Raptors,85,New York Knicks,95,Box Score,,19763,
Tue Feb 16 1999,Milwaukee Bucks,93,Philadelphia 76ers,92,Box Score,,10976,
Tue Feb 16 1999,Boston Celtics,98,Sacramento Kings,101,Box Score,,16576,
Tue Feb 16 1999,Utah Jazz,56,Seattle SuperSonics,71,Box Score,,17072,
Wed Feb 17 1999,Miami Heat,91,Detroit Pistons,80,Box Score,,17225,
Wed Feb 17 1999,Charlotte Hornets,87,Golden State Warriors,96,Box Score,,9734,
Wed Feb 17 1999,Dallas Mavericks,88,Los Angeles Lakers,101,Box Score,,13492,
Wed Feb 17 1999,Chicago Bulls,83,Milwaukee Bucks,91,Box Score,,14682,
Wed Feb 17 1999,Houston Rockets,102,Minnesota Timberwolves,116,Box Score,,18151,
Wed Feb 17 1999,Washington Wizards,85,Orlando Magic,96,Box Score,,15147,
Wed Feb 17 1999,Denver Nuggets,85,Portland Trail Blazers,100,Box Score,,17726,
Wed Feb 17 1999,Phoenix Suns,79,San Antonio Spurs,76,Box Score,,16419,
Wed Feb 17 1999,Sacramento Kings,109,Seattle SuperSonics,106,Box Score,OT,17072,
Wed Feb 17 1999,Boston Celtics,131,Vancouver Grizzlies,129,Box Score,3OT,13041,
Thu Feb 18 1999,New York Knicks,74,Cleveland Cavaliers,98,Box Score,,13910,
Thu Feb 18 1999,Philadelphia 76ers,95,Indiana Pacers,99,Box Score,,15011,
Thu Feb 18 1999,Houston Rockets,93,New Jersey Nets,92,Box Score,OT,18469,
Thu Feb 18 1999,Washington Wizards,95,Toronto Raptors,88,Box Score,,14292,at Toronto Canada (SkyDome)
Thu Feb 18 1999,Denver Nuggets,86,Utah Jazz,97,Box Score,,19212,
Fri Feb 19 1999,Orlando Magic,99,Atlanta Hawks,94,Box Score,OT,9154,at Atlanta GA (Alexander Memorial Coliseum at McDonald's Center)
Fri Feb 19 1999,Dallas Mavericks,79,Golden State Warriors,84,Box Score,,11432,
Fri Feb 19 1999,San Antonio Spurs,94,Los Angeles Lakers,106,Box Score,,17505,
Fri Feb 19 1999,Vancouver Grizzlies,96,Minnesota Timberwolves,115,Box Score,,17907,
Fri Feb 19 1999,New York Knicks,78,Philadelphia 76ers,67,Box Score,,19681,
Fri Feb 19 1999,Detroit Pistons,101,Phoenix Suns,93,Box Score,,19023,
Fri Feb 19 1999,Boston Celtics,86,Portland Trail Blazers,106,Box Score,,18345,
Fri Feb 19 1999,Charlotte Hornets,95,Sacramento Kings,106,Box Score,,17317,
Fri Feb 19 1999,Milwaukee Bucks,82,Toronto Raptors,90,Box Score,,14888,at Toronto Canada (SkyDome)
Fri Feb 19 1999,Chicago Bulls,91,Washington Wizards,93,Box Score,,19220,
Sat Feb 20 1999,New Jersey Nets,84,Cleveland Cavaliers,89,Box Score,,15321,
Sat Feb 20 1999,Dallas Mavericks,105,Los Angeles Clippers,90,Box Score,,10946,
Sat Feb 20 1999,Houston Rockets,71,Miami Heat,81,Box Score,,15200,
Sat Feb 20 1999,Indiana Pacers,82,Milwaukee Bucks,80,Box Score,,18173,
Sat Feb 20 1999,Atlanta Hawks,76,Philadelphia 76ers,69,Box Score,,15159,
Sat Feb 20 1999,Golden State Warriors,84,Portland Trail Blazers,90,Box Score,,17645,
Sat Feb 20 1999,Seattle SuperSonics,80,Utah Jazz,110,Box Score,,19911,
Sun Feb 21 1999,New Jersey Nets,79,Indiana Pacers,80,Box Score,,16531,
Sun Feb 21 1999,Sacramento Kings,90,Minnesota Timberwolves,102,Box Score,,16848,
Sun Feb 21 1999,Chicago Bulls,63,New York Knicks,79,Box Score,,19763,
Sun Feb 21 1999,Houston Rockets,83,Orlando Magic,109,Box Score,,17248,
Sun Feb 21 1999,Detroit Pistons,64,San Antonio Spurs,85,Box Score,,19495,
Sun Feb 21 1999,Los Angeles Lakers,89,Seattle SuperSonics,92,Box Score,,17072,
Sun Feb 21 1999,Vancouver Grizzlies,87,Toronto Raptors,102,Box Score,,19800,
Sun Feb 21 1999,Boston Celtics,75,Washington Wizards,86,Box Score,,20674,
Mon Feb 22 1999,Chicago Bulls,77,Atlanta Hawks,68,Box Score,,8258,at Atlanta GA (Alexander Memorial Coliseum at McDonald's Center)
Mon Feb 22 1999,Philadelphia 76ers,106,Cleveland Cavaliers,97,Box Score,,13203,
Mon Feb 22 1999,Los Angeles Lakers,113,Denver Nuggets,117,Box Score,OT,17171,
Mon Feb 22 1999,San Antonio Spurs,89,Minnesota Timberwolves,95,Box Score,,15374,
Mon Feb 22 1999,Sacramento Kings,96,Orlando Magic,107,Box Score,,16542,
Mon Feb 22 1999,Dallas Mavericks,83,Phoenix Suns,101,Box Score,,18596,
Mon Feb 22 1999,Los Angeles Clippers,89,Utah Jazz,104,Box Score,,19911,
Tue Feb 23 1999,Milwaukee Bucks,90,Chicago Bulls,88,Box Score,,22302,
Tue Feb 23 1999,Atlanta Hawks,85,Dallas Mavericks,89,Box Score,,13387,
Tue Feb 23 1999,Toronto Raptors,80,Detroit Pistons,106,Box Score,,14187,
Tue Feb 23 1999,Seattle SuperSonics,86,Houston Rockets,98,Box Score,,16285,
Tue Feb 23 1999,Golden State Warriors,94,Los Angeles Clippers,89,Box Score,,8688,
Tue Feb 23 1999,New Jersey Nets,74,New York Knicks,82,Box Score,,19763,
Tue Feb 23 1999,Los Angeles Lakers,83,Vancouver Grizzlies,93,Box Score,,19193,
Tue Feb 23 1999,Miami Heat,96,Washington Wizards,80,Box Score,,12879,
Wed Feb 24 1999,Orlando Magic,79,Boston Celtics,111,Box Score,,18235,
Wed Feb 24 1999,Miami Heat,91,Charlotte Hornets,83,Box Score,,17828,
Wed Feb 24 1999,Utah Jazz,87,Denver Nuggets,97,Box Score,,10925,
Wed Feb 24 1999,Cleveland Cavaliers,73,Detroit Pistons,89,Box Score,,13271,
Wed Feb 24 1999,Toronto Raptors,84,Indiana Pacers,104,Box Score,,14700,
Wed Feb 24 1999,Portland Trail Blazers,94,New Jersey Nets,85,Box Score,,17298,
Wed Feb 24 1999,Sacramento Kings,81,Philadelphia 76ers,94,Box Score,,14437,
Wed Feb 24 1999,Seattle SuperSonics,81,San Antonio Spurs,99,Box Score,,15209,
Thu Feb 25 1999,Philadelphia 76ers,98,Chicago Bulls,80,Box Score,,22337,
Thu Feb 25 1999,Indiana Pacers,81,Cleveland Cavaliers,74,Box Score,,14253,
Thu Feb 25 1999,Denver Nuggets,81,Dallas Mavericks,90,Box Score,,13203,
Thu Feb 25 1999,Atlanta Hawks,93,Houston Rockets,87,Box Score,,16285,
Thu Feb 25 1999,Los Angeles Lakers,115,Los Angeles Clippers,100,Box Score,,18456,at Anaheim CA
Thu Feb 25 1999,Minnesota Timberwolves,113,New York Knicks,115,Box Score,OT,19763,
Thu Feb 25 1999,Phoenix Suns,94,Vancouver Grizzlies,86,Box Score,,13494,
Thu Feb 25 1999,Sacramento Kings,115,Washington Wizards,105,Box Score,,16813,
Fri Feb 26 1999,New York Knicks,80,Boston Celtics,94,Box Score,,18624,
Fri Feb 26 1999,Portland Trail Blazers,95,Charlotte Hornets,97,Box Score,,18633,
Fri Feb 26 1999,Milwaukee Bucks,95,Denver Nuggets,96,Box Score,,10926,
Fri Feb 26 1999,Miami Heat,93,Detroit Pistons,95,Box Score,,20083,
Fri Feb 26 1999,Phoenix Suns,90,Golden State Warriors,94,Box Score,,15807,
Fri Feb 26 1999,Los Angeles Clippers,83,Los Angeles Lakers,99,Box Score,,17505,
Fri Feb 26 1999,Indiana Pacers,100,Orlando Magic,103,Box Score,OT,17248,
Fri Feb 26 1999,San Antonio Spurs,82,Seattle SuperSonics,92,Box Score,,17072,
Fri Feb 26 1999,Minnesota Timberwolves,92,Toronto Raptors,102,Box Score,,15122,
Fri Feb 26 1999,Dallas Mavericks,65,Utah Jazz,80,Box Score,,19911,
Sat Feb 27 1999,Charlotte Hornets,77,Chicago Bulls,94,Box Score,,22814,
Sat Feb 27 1999,Sacramento Kings,90,Dallas Mavericks,97,Box Score,,15009,
Sat Feb 27 1999,Atlanta Hawks,103,Los Angeles Clippers,74,Box Score,,11563,at Anaheim CA
Sat Feb 27 1999,Boston Celtics,101,New Jersey Nets,92,Box Score,,20049,
Sat Feb 27 1999,Houston Rockets,86,Vancouver Grizzlies,74,Box Score,,19193,
Sat Feb 27 1999,Portland Trail Blazers,82,Washington Wizards,81,Box Score,,18550,
Sun Feb 28 1999,Vancouver Grizzlies,112,Denver Nuggets,116,Box Score,,9248,
Sun Feb 28 1999,New York Knicks,68,Detroit Pistons,89,Box Score,,20896,
Sun Feb 28 1999,Houston Rockets,90,Los Angeles Lakers,106,Box Score,,17505,
Sun Feb 28 1999,Orlando Magic,78,Miami Heat,84,Box Score,,15200,
Sun Feb 28 1999,Philadelphia 76ers,87,Milwaukee Bucks,76,Box Score,,17586,
Sun Feb 28 1999,Portland Trail Blazers,100,Minnesota Timberwolves,93,Box Score,,16219,
Sun Feb 28 1999,Golden State Warriors,89,Phoenix Suns,102,Box Score,,18587,
Sun Feb 28 1999,Utah Jazz,101,San Antonio Spurs,87,Box Score,,18165,
Sun Feb 28 1999,Chicago Bulls,90,Toronto Raptors,88,Box Score,OT,14173,
Mon Mar 1 1999,New Jersey Nets,99,Boston Celtics,97,Box Score,,17747,
Mon Mar 1 1999,Toronto Raptors,88,Charlotte Hornets,91,Box Score,,18039,
Mon Mar 1 1999,Cleveland Cavaliers,78,New York Knicks,85,Box Score,,19763,
Mon Mar 1 1999,Atlanta Hawks,67,Orlando Magic,70,Box Score,,15359,
Mon Mar 1 1999,Los Angeles Lakers,97,Phoenix Suns,91,Box Score,,19023,
Mon Mar 1 1999,Seattle SuperSonics,105,Sacramento Kings,102,Box Score,,16786,
Mon Mar 1 1999,Philadelphia 76ers,104,Washington Wizards,91,Box Score,,13814,
Tue Mar 2 1999,Washington Wizards,97,Atlanta Hawks,77,Box Score,,8139,at Atlanta GA (Alexander Memorial Coliseum at McDonald's Center)
Tue Mar 2 1999,Detroit Pistons,108,Chicago Bulls,78,Box Score,,22432,
Tue Mar 2 1999,Boston Celtics,99,Cleveland Cavaliers,116,Box Score,,12906,
Tue Mar 2 1999,Los Angeles Clippers,99,Dallas Mavericks,112,Box Score,,13492,
Tue Mar 2 1999,San Antonio Spurs,99,Houston Rockets,82,Box Score,,16285,
Tue Mar 2 1999,Denver Nuggets,81,Indiana Pacers,88,Box Score,,14530,
Tue Mar 2 1999,New York Knicks,84,Miami Heat,85,Box Score,OT,15200,
Tue Mar 2 1999,Golden State Warriors,78,Minnesota Timberwolves,89,Box Score,,14776,
Tue Mar 2 1999,Milwaukee Bucks,94,New Jersey Nets,86,Box Score,,15180,
Tue Mar 2 1999,Utah Jazz,100,Portland Trail Blazers,102,Box Score,2OT,19980,
Tue Mar 2 1999,Sacramento Kings,111,Vancouver Grizzlies,101,Box Score,,13252,
Wed Mar 3 1999,Phoenix Suns,95,Los Angeles Lakers,101,Box Score,,17505,
Wed Mar 3 1999,Golden State Warriors,78,Milwaukee Bucks,106,Box Score,,12136,
Wed Mar 3 1999,Charlotte Hornets,76,Orlando Magic,93,Box Score,,15421,
Wed Mar 3 1999,Chicago Bulls,86,Philadelphia 76ers,102,Box Score,,11510,
Wed Mar 3 1999,Portland Trail Blazers,97,Sacramento Kings,93,Box Score,OT,15160,
Wed Mar 3 1999,Vancouver Grizzlies,86,Utah Jazz,109,Box Score,,18556,
Wed Mar 3 1999,Indiana Pacers,106,Washington Wizards,95,Box Score,,12912,
Thu Mar 4 1999,Toronto Raptors,86,Atlanta Hawks,77,Box Score,,7877,at Atlanta GA (Alexander Memorial Coliseum at McDonald's Center)
Thu Mar 4 1999,Detroit Pistons,99,Cleveland Cavaliers,84,Box Score,,13248,
Thu Mar 4 1999,San Antonio Spurs,95,Dallas Mavericks,79,Box Score,,14719,
Thu Mar 4 1999,Los Angeles Clippers,77,Houston Rockets,96,Box Score,,16285,
Thu Mar 4 1999,Denver Nuggets,87,Miami Heat,95,Box Score,,14834,
Thu Mar 4 1999,Charlotte Hornets,96,New Jersey Nets,82,Box Score,,14728,
Thu Mar 4 1999,Phoenix Suns,101,Seattle SuperSonics,93,Box Score,,17072,
Thu Mar 4 1999,Minnesota Timberwolves,102,Vancouver Grizzlies,93,Box Score,,13329,
Fri Mar 5 1999,Denver Nuggets,94,Boston Celtics,102,Box Score,,18624,
Fri Mar 5 1999,Golden State Warriors,102,Indiana Pacers,83,Box Score,,16184,
Fri Mar 5 1999,Seattle SuperSonics,100,Los Angeles Lakers,103,Box Score,,17505,
Fri Mar 5 1999,New York Knicks,87,Milwaukee Bucks,88,Box Score,,16843,
Fri Mar 5 1999,Miami Heat,89,Philadelphia 76ers,78,Box Score,,19949,
Fri Mar 5 1999,Minnesota Timberwolves,85,Portland Trail Blazers,97,Box Score,,19264,
Fri Mar 5 1999,Orlando Magic,89,Toronto Raptors,84,Box Score,,15601,
Fri Mar 5 1999,Dallas Mavericks,95,Utah Jazz,106,Box Score,,19539,
Fri Mar 5 1999,Charlotte Hornets,85,Washington Wizards,86,Box Score,,15703,
Sat Mar 6 1999,Golden State Warriors,80,Cleveland Cavaliers,97,Box Score,,12894,
Sat Mar 6 1999,Detroit Pistons,82,Orlando Magic,87,Box Score,,17248,
Sat Mar 6 1999,Sacramento Kings,111,Phoenix Suns,99,Box Score,,19023,
Sat Mar 6 1999,Los Angeles Clippers,85,San Antonio Spurs,114,Box Score,,18394,
Sat Mar 6 1999,Houston Rockets,107,Vancouver Grizzlies,92,Box Score,,19193,
Sun Mar 7 1999,San Antonio Spurs,106,Denver Nuggets,96,Box Score,,12037,
Sun Mar 7 1999,Miami Heat,72,Indiana Pacers,85,Box Score,,16703,
Sun Mar 7 1999,New Jersey Nets,86,New York Knicks,97,Box Score,,19763,
Sun Mar 7 1999,Washington Wizards,103,Philadelphia 76ers,95,Box Score,OT,16797,
Sun Mar 7 1999,Houston Rockets,71,Portland Trail Blazers,111,Box Score,,20062,
Sun Mar 7 1999,Dallas Mavericks,89,Sacramento Kings,94,Box Score,,14715,
Sun Mar 7 1999,Minnesota Timberwolves,88,Seattle SuperSonics,77,Box Score,,17072,
Sun Mar 7 1999,Boston Celtics,92,Toronto Raptors,105,Box Score,,16635,
Sun Mar 7 1999,Los Angeles Lakers,97,Utah Jazz,89,Box Score,,19911,
Mon Mar 8 1999,Washington Wizards,71,Detroit Pistons,75,Box Score,,15022,
Mon Mar 8 1999,Philadelphia 76ers,89,Miami Heat,91,Box Score,,15200,
Mon Mar 8 1999,Chicago Bulls,76,Milwaukee Bucks,81,Box Score,,12085,
Mon Mar 8 1999,Atlanta Hawks,114,Orlando Magic,110,Box Score,,15637,
Mon Mar 8 1999,Portland Trail Blazers,92,Vancouver Grizzlies,73,Box Score,,13552,
Tue Mar 9 1999,Boston Celtics,87,Charlotte Hornets,105,Box Score,,18342,
Tue Mar 9 1999,New Jersey Nets,87,Chicago Bulls,103,Box Score,,22207,
Tue Mar 9 1999,Phoenix Suns,103,Dallas Mavericks,91,Box Score,,12714,
Tue Mar 9 1999,Vancouver Grizzlies,82,Golden State Warriors,92,Box Score,,10043,
Tue Mar 9 1999,Denver Nuggets,75,Houston Rockets,84,Box Score,,16285,
Tue Mar 9 1999,Los Angeles Lakers,103,Los Angeles Clippers,99,Box Score,,13380,
Tue Mar 9 1999,Seattle SuperSonics,84,Minnesota Timberwolves,85,Box Score,,17237,
Tue Mar 9 1999,Milwaukee Bucks,87,New York Knicks,86,Box Score,,19763,
Tue Mar 9 1999,Sacramento Kings,98,Portland Trail Blazers,103,Box Score,,18147,
Tue Mar 9 1999,Cleveland Cavaliers,75,Utah Jazz,88,Box Score,,18753,
Wed Mar 10 1999,New Jersey Nets,82,Indiana Pacers,93,Box Score,,14925,
Wed Mar 10 1999,Los Angeles Clippers,75,Los Angeles Lakers,94,Box Score,,17505,
Wed Mar 10 1999,Atlanta Hawks,78,Miami Heat,88,Box Score,,15200,
Wed Mar 10 1999,Seattle SuperSonics,97,Milwaukee Bucks,101,Box Score,,15692,
Wed Mar 10 1999,Charlotte Hornets,70,Philadelphia 76ers,85,Box Score,,14590,
Wed Mar 10 1999,Cleveland Cavaliers,86,Phoenix Suns,73,Box Score,,18567,
Wed Mar 10 1999,Orlando Magic,79,San Antonio Spurs,81,Box Score,,17954,
Wed Mar 10 1999,Detroit Pistons,87,Washington Wizards,97,Box Score,,16316,
Thu Mar 11 1999,Boston Celtics,85,Atlanta Hawks,99,Box Score,,8518,at Atlanta GA (Alexander Memorial Coliseum at McDonald's Center)
Thu Mar 11 1999,Seattle SuperSonics,92,Chicago Bulls,83,Box Score,,22391,
Thu Mar 11 1999,Orlando Magic,76,Dallas Mavericks,93,Box Score,,14553,
Thu Mar 11 1999,Minnesota Timberwolves,82,Golden State Warriors,89,Box Score,,11150,
Thu Mar 11 1999,Vancouver Grizzlies,91,Houston Rockets,102,Box Score,,16285,
Thu Mar 11 1999,Sacramento Kings,92,Los Angeles Clippers,106,Box Score,,7884,
Thu Mar 11 1999,Toronto Raptors,73,Miami Heat,83,Box Score,,14911,
Thu Mar 11 1999,Washington Wizards,86,New York Knicks,98,Box Score,,19763,
Thu Mar 11 1999,Denver Nuggets,89,Utah Jazz,94,Box Score,,19911,
Fri Mar 12 1999,New York Knicks,63,Chicago Bulls,76,Box Score,,23079,
Fri Mar 12 1999,Boston Celtics,83,Detroit Pistons,93,Box Score,,19644,
Fri Mar 12 1999,Milwaukee Bucks,104,Indiana Pacers,109,Box Score,,16580,
Fri Mar 12 1999,Golden State Warriors,78,Los Angeles Lakers,89,Box Score,,17505,
Fri Mar 12 1999,New Jersey Nets,93,Philadelphia 76ers,100,Box Score,OT,19818,
Fri Mar 12 1999,San Antonio Spurs,99,Phoenix Suns,97,Box Score,,19023,
Fri Mar 12 1999,Utah Jazz,91,Portland Trail Blazers,77,Box Score,,20668,
Fri Mar 12 1999,Minnesota Timberwolves,101,Sacramento Kings,95,Box Score,,17317,
Fri Mar 12 1999,Charlotte Hornets,92,Washington Wizards,83,Box Score,,16343,
Sat Mar 13 1999,Toronto Raptors,75,Atlanta Hawks,86,Box Score,,8456,at Atlanta GA (Alexander Memorial Coliseum at McDonald's Center)
Sat Mar 13 1999,Vancouver Grizzlies,74,Dallas Mavericks,91,Box Score,,14184,
Sat Mar 13 1999,Orlando Magic,87,Golden State Warriors,74,Box Score,,14177,
Sat Mar 13 1999,Cleveland Cavaliers,89,Houston Rockets,100,Box Score,,16285,
Sat Mar 13 1999,Portland Trail Blazers,106,Los Angeles Clippers,96,Box Score,OT,9484,
Sat Mar 13 1999,Denver Nuggets,61,San Antonio Spurs,92,Box Score,,32982,
Sat Mar 13 1999,Minnesota Timberwolves,72,Utah Jazz,99,Box Score,,19911,
Sun Mar 14 1999,Atlanta Hawks,85,Detroit Pistons,72,Box Score,,14834,
Sun Mar 14 1999,Boston Celtics,96,Indiana Pacers,99,Box Score,,16664,
Sun Mar 14 1999,New Jersey Nets,76,Miami Heat,102,Box Score,,15036,
Sun Mar 14 1999,Charlotte Hornets,86,New York Knicks,94,Box Score,,19763,
Sun Mar 14 1999,Houston Rockets,90,Phoenix Suns,104,Box Score,,19023,
Sun Mar 14 1999,Los Angeles Lakers,101,Sacramento Kings,105,Box Score,,17317,
Sun Mar 14 1999,Los Angeles Clippers,89,Seattle SuperSonics,108,Box Score,,17072,
Sun Mar 14 1999,Milwaukee Bucks,86,Washington Wizards,98,Box Score,,14353,
Mon Mar 15 1999,Cleveland Cavaliers,89,Chicago Bulls,85,Box Score,OT,22456,
Mon Mar 15 1999,Portland Trail Blazers,106,Dallas Mavericks,91,Box Score,,14046,
Mon Mar 15 1999,Vancouver Grizzlies,84,Denver Nuggets,110,Box Score,,8251,
Mon Mar 15 1999,Sacramento Kings,111,Golden State Warriors,105,Box Score,,15084,
Mon Mar 15 1999,New York Knicks,108,Milwaukee Bucks,102,Box Score,,14738,
Mon Mar 15 1999,Utah Jazz,90,Minnesota Timberwolves,83,Box Score,,18447,
Mon Mar 15 1999,Philadelphia 76ers,73,Orlando Magic,74,Box Score,,16555,
Mon Mar 15 1999,Charlotte Hornets,82,Toronto Raptors,89,Box Score,,15329,
Tue Mar 16 1999,Detroit Pistons,82,Cleveland Cavaliers,86,Box Score,,12928,
Tue Mar 16 1999,Portland Trail Blazers,93,Houston Rockets,101,Box Score,,16285,
Tue Mar 16 1999,Atlanta Hawks,85,Indiana Pacers,79,Box Score,,15848,
Tue Mar 16 1999,Washington Wizards,85,Miami Heat,94,Box Score,,15200,
Tue Mar 16 1999,Phoenix Suns,110,Milwaukee Bucks,92,Box Score,,13316,
Tue Mar 16 1999,Los Angeles Lakers,107,Minnesota Timberwolves,101,Box Score,,19006,
Tue Mar 16 1999,Los Angeles Clippers,89,New York Knicks,113,Box Score,,19763,
Tue Mar 16 1999,San Antonio Spurs,121,Sacramento Kings,109,Box Score,,14570,
Tue Mar 16 1999,Vancouver Grizzlies,85,Seattle SuperSonics,87,Box Score,,17072,
Tue Mar 16 1999,New Jersey Nets,85,Toronto Raptors,100,Box Score,,15731,
Wed Mar 17 1999,Miami Heat,86,Atlanta Hawks,85,Box Score,,16117,
Wed Mar 17 1999,Los Angeles Clippers,84,Boston Celtics,118,Box Score,,18263,
Wed Mar 17 1999,Phoenix Suns,111,Charlotte Hornets,119,Box Score,,17837,
Wed Mar 17 1999,Houston Rockets,114,Denver Nuggets,109,Box Score,,14217,
Wed Mar 17 1999,Toronto Raptors,103,Detroit Pistons,101,Box Score,,14981,
Wed Mar 17 1999,San Antonio Spurs,82,Golden State Warriors,78,Box Score,,10257,
Wed Mar 17 1999,Dallas Mavericks,87,New Jersey Nets,88,Box Score,,14976,
Wed Mar 17 1999,Chicago Bulls,94,Orlando Magic,103,Box Score,,15823,
Wed Mar 17 1999,Indiana Pacers,110,Philadelphia 76ers,114,Box Score,,16588,
Thu Mar 18 1999,New Jersey Nets,95,Chicago Bulls,104,Box Score,,22211,
Thu Mar 18 1999,Los Angeles Lakers,93,Cleveland Cavaliers,100,Box Score,,20562,
Thu Mar 18 1999,Boston Celtics,83,Milwaukee Bucks,99,Box Score,,13724,
Thu Mar 18 1999,Orlando Magic,86,New York Knicks,78,Box Score,,19763,
Thu Mar 18 1999,Portland Trail Blazers,88,Sacramento Kings,78,Box Score,,14397,
Thu Mar 18 1999,Minnesota Timberwolves,81,Vancouver Grizzlies,86,Box Score,,17466,
Thu Mar 18 1999,Utah Jazz,95,Washington Wizards,87,Box Score,,16121,
Fri Mar 19 1999,Phoenix Suns,85,Atlanta Hawks,93,Box Score,,17190,
Fri Mar 19 1999,Utah Jazz,82,Charlotte Hornets,83,Box Score,OT,22989,
Fri Mar 19 1999,Minnesota Timberwolves,105,Denver Nuggets,101,Box Score,,14219,
Fri Mar 19 1999,Dallas Mavericks,87,Detroit Pistons,94,Box Score,,18152,
Fri Mar 19 1999,Seattle SuperSonics,78,Golden State Warriors,90,Box Score,,15253,
Fri Mar 19 1999,Chicago Bulls,87,Indiana Pacers,96,Box Score,,16570,
Fri Mar 19 1999,Los Angeles Lakers,90,Philadelphia 76ers,105,Box Score,,20644,
Fri Mar 19 1999,San Antonio Spurs,85,Portland Trail Blazers,90,Box Score,,20041,
Fri Mar 19 1999,Los Angeles Clippers,82,Toronto Raptors,93,Box Score,,18839,
Sat Mar 20 1999,Milwaukee Bucks,83,Atlanta Hawks,77,Box Score,,12225,
Sat Mar 20 1999,Sacramento Kings,90,Dallas Mavericks,104,Box Score,,16161,
Sat Mar 20 1999,Phoenix Suns,93,Houston Rockets,103,Box Score,OT,16285,
Sat Mar 20 1999,Indiana Pacers,94,Miami Heat,89,Box Score,,15200,
Sat Mar 20 1999,Boston Celtics,78,New York Knicks,96,Box Score,,19763,
Sat Mar 20 1999,San Antonio Spurs,92,Vancouver Grizzlies,88,Box Score,OT,19193,
Sat Mar 20 1999,Cleveland Cavaliers,83,Washington Wizards,113,Box Score,,19209,
Sun Mar 21 1999,Chicago Bulls,95,Boston Celtics,92,Box Score,OT,18624,
Sun Mar 21 1999,New Jersey Nets,85,Cleveland Cavaliers,88,Box Score,,13806,
Sun Mar 21 1999,Seattle SuperSonics,98,Denver Nuggets,102,Box Score,,10221,
Sun Mar 21 1999,Utah Jazz,101,Detroit Pistons,104,Box Score,OT,19098,
Sun Mar 21 1999,Charlotte Hornets,94,Milwaukee Bucks,87,Box Score,,13974,
Sun Mar 21 1999,Los Angeles Clippers,100,Minnesota Timberwolves,85,Box Score,,15371,
Sun Mar 21 1999,Los Angeles Lakers,115,Orlando Magic,104,Box Score,,17248,
Sun Mar 21 1999,Philadelphia 76ers,75,Portland Trail Blazers,91,Box Score,,19980,
Sun Mar 21 1999,New York Knicks,81,Toronto Raptors,85,Box Score,OT,19266,
Mon Mar 22 1999,Los Angeles Lakers,96,Dallas Mavericks,93,Box Score,,18121,
Mon Mar 22 1999,Sacramento Kings,100,Houston Rockets,110,Box Score,,16285,
Mon Mar 22 1999,Washington Wizards,86,Indiana Pacers,90,Box Score,,15386,
Mon Mar 22 1999,Detroit Pistons,86,Milwaukee Bucks,115,Box Score,,13187,
Mon Mar 22 1999,Toronto Raptors,87,New Jersey Nets,106,Box Score,,14697,
Mon Mar 22 1999,Atlanta Hawks,80,New York Knicks,71,Box Score,,19763,
Mon Mar 22 1999,Vancouver Grizzlies,84,Phoenix Suns,89,Box Score,,18855,
Mon Mar 22 1999,Philadelphia 76ers,76,Seattle SuperSonics,92,Box Score,,17072,
Tue Mar 23 1999,Toronto Raptors,113,Chicago Bulls,90,Box Score,,22236,
Tue Mar 23 1999,Boston Celtics,86,Cleveland Cavaliers,113,Box Score,,15810,
Tue Mar 23 1999,Charlotte Hornets,78,Orlando Magic,86,Box Score,,16405,
Tue Mar 23 1999,Golden State Warriors,72,Portland Trail Blazers,79,Box Score,,18731,
Tue Mar 23 1999,Denver Nuggets,82,San Antonio Spurs,112,Box Score,,16501,
Tue Mar 23 1999,Miami Heat,81,Utah Jazz,84,Box Score,,19911,
Wed Mar 24 1999,Indiana Pacers,102,Atlanta Hawks,103,Box Score,,12612,
Wed Mar 24 1999,Minnesota Timberwolves,87,Boston Celtics,68,Box Score,,18128,
Wed Mar 24 1999,Chicago Bulls,81,Charlotte Hornets,110,Box Score,,17857,
Wed Mar 24 1999,Houston Rockets,88,Dallas Mavericks,78,Box Score,,15111,
Wed Mar 24 1999,Golden State Warriors,92,Los Angeles Clippers,80,Box Score,,6180,
Wed Mar 24 1999,Phoenix Suns,106,Los Angeles Lakers,101,Box Score,,17505,
Wed Mar 24 1999,Miami Heat,84,Milwaukee Bucks,76,Box Score,,17126,
Wed Mar 24 1999,Detroit Pistons,84,New Jersey Nets,71,Box Score,,16896,
Wed Mar 24 1999,New York Knicks,91,Sacramento Kings,92,Box Score,,17023,
Wed Mar 24 1999,Washington Wizards,96,Seattle SuperSonics,92,Box Score,,17072,
Wed Mar 24 1999,Philadelphia 76ers,95,Vancouver Grizzlies,90,Box Score,OT,16615,
Thu Mar 25 1999,San Antonio Spurs,86,Denver Nuggets,65,Box Score,,10695,
Thu Mar 25 1999,Toronto Raptors,104,Houston Rockets,113,Box Score,,16285,
Thu Mar 25 1999,Cleveland Cavaliers,86,Orlando Magic,96,Box Score,,15578,
Thu Mar 25 1999,Phoenix Suns,84,Portland Trail Blazers,97,Box Score,,20328,
Fri Mar 26 1999,Chicago Bulls,81,Atlanta Hawks,93,Box Score,,10878,
Fri Mar 26 1999,Orlando Magic,82,Charlotte Hornets,90,Box Score,,21698,
Fri Mar 26 1999,Denver Nuggets,79,Dallas Mavericks,98,Box Score,,13096,
Fri Mar 26 1999,Milwaukee Bucks,85,Detroit Pistons,90,Box Score,,18873,
Fri Mar 26 1999,Washington Wizards,96,Golden State Warriors,100,Box Score,,12025,
Fri Mar 26 1999,Sacramento Kings,111,Los Angeles Lakers,109,Box Score,,17505,
Fri Mar 26 1999,Miami Heat,93,Minnesota Timberwolves,100,Box Score,,19006,
Fri Mar 26 1999,Indiana Pacers,100,New Jersey Nets,91,Box Score,,18732,
Fri Mar 26 1999,Boston Celtics,90,Philadelphia 76ers,84,Box Score,,20627,
Fri Mar 26 1999,New York Knicks,94,Phoenix Suns,87,Box Score,,19023,
Fri Mar 26 1999,Toronto Raptors,93,San Antonio Spurs,91,Box Score,,16290,
Fri Mar 26 1999,Los Angeles Clippers,98,Seattle SuperSonics,104,Box Score,,17072,
Fri Mar 26 1999,Utah Jazz,85,Vancouver Grizzlies,80,Box Score,,19193,
Sat Mar 27 1999,Philadelphia 76ers,99,Atlanta Hawks,103,Box Score,OT,21823,
Sat Mar 27 1999,Washington Wizards,112,Denver Nuggets,100,Box Score,,10987,
Sat Mar 27 1999,Houston Rockets,87,Golden State Warriors,86,Box Score,,18256,
Sat Mar 27 1999,Utah Jazz,77,Los Angeles Clippers,103,Box Score,,14293,at Anaheim CA
Sat Mar 27 1999,Cleveland Cavaliers,109,New Jersey Nets,99,Box Score,,18541,
Sat Mar 27 1999,Dallas Mavericks,77,San Antonio Spurs,99,Box Score,,25921,
Sun Mar 28 1999,Indiana Pacers,101,Boston Celtics,93,Box Score,,18624,
Sun Mar 28 1999,Cleveland Cavaliers,84,Charlotte Hornets,105,Box Score,,18490,
Sun Mar 28 1999,Seattle SuperSonics,87,Detroit Pistons,104,Box Score,,16626,
Sun Mar 28 1999,New York Knicks,91,Los Angeles Lakers,99,Box Score,,17505,
Sun Mar 28 1999,Milwaukee Bucks,94,Minnesota Timberwolves,85,Box Score,,18449,
Sun Mar 28 1999,Miami Heat,87,Orlando Magic,94,Box Score,,17248,
Sun Mar 28 1999,Portland Trail Blazers,88,Phoenix Suns,86,Box Score,,19023,
Sun Mar 28 1999,Houston Rockets,107,Sacramento Kings,93,Box Score,,17317,
Sun Mar 28 1999,Chicago Bulls,78,Toronto Raptors,91,Box Score,,18461,
Mon Mar 29 1999,Seattle SuperSonics,109,Dallas Mavericks,101,Box Score,,13311,
Mon Mar 29 1999,Los Angeles Clippers,88,Denver Nuggets,100,Box Score,,7829,
Mon Mar 29 1999,Atlanta Hawks,83,Indiana Pacers,82,Box Score,,16669,
Mon Mar 29 1999,Vancouver Grizzlies,98,Los Angeles Lakers,116,Box Score,,17312,
Tue Mar 30 1999,Detroit Pistons,93,Atlanta Hawks,77,Box Score,,14764,
Tue Mar 30 1999,Boston Celtics,109,Charlotte Hornets,99,Box Score,,18102,
Tue Mar 30 1999,Philadelphia 76ers,81,Chicago Bulls,91,Box Score,,22209,
Tue Mar 30 1999,Toronto Raptors,101,Cleveland Cavaliers,91,Box Score,,14209,
Tue Mar 30 1999,Portland Trail Blazers,90,Golden State Warriors,93,Box Score,,12670,
Tue Mar 30 1999,Houston Rockets,104,Los Angeles Clippers,95,Box Score,,9188,
Tue Mar 30 1999,Washington Wizards,105,Milwaukee Bucks,107,Box Score,,15196,
Tue Mar 30 1999,Dallas Mavericks,78,Minnesota Timberwolves,98,Box Score,,15609,
Tue Mar 30 1999,Indiana Pacers,93,New York Knicks,94,Box Score,,19763,
Tue Mar 30 1999,New Jersey Nets,98,Orlando Magic,100,Box Score,,16226,
Tue Mar 30 1999,Utah Jazz,101,Sacramento Kings,104,Box Score,OT,17317,
Tue Mar 30 1999,Seattle SuperSonics,87,San Antonio Spurs,95,Box Score,,16565,
Tue Mar 30 1999,Denver Nuggets,87,Vancouver Grizzlies,101,Box Score,,15018,
Wed Mar 31 1999,Detroit Pistons,87,Boston Celtics,72,Box Score,,16915,
Wed Mar 31 1999,Milwaukee Bucks,102,Charlotte Hornets,94,Box Score,,17552,
Wed Mar 31 1999,Golden State Warriors,78,Phoenix Suns,93,Box Score,,18674,
Wed Mar 31 1999,Sacramento Kings,86,Portland Trail Blazers,100,Box Score,,18468,
Wed Mar 31 1999,Orlando Magic,73,Washington Wizards,84,Box Score,,20674,
Thu Apr 1 1999,Los Angeles Clippers,84,Dallas Mavericks,93,Box Score,,13336,
Thu Apr 1 1999,Seattle SuperSonics,110,Denver Nuggets,113,Box Score,,10701,
Thu Apr 1 1999,Chicago Bulls,75,Detroit Pistons,107,Box Score,,17583,
Thu Apr 1 1999,Philadelphia 76ers,88,Miami Heat,84,Box Score,,15200,
Thu Apr 1 1999,Atlanta Hawks,85,New Jersey Nets,90,Box Score,,14348,
Thu Apr 1 1999,Cleveland Cavaliers,74,New York Knicks,78,Box Score,,19763,
Thu Apr 1 1999,Vancouver Grizzlies,91,San Antonio Spurs,103,Box Score,,16384,
Thu Apr 1 1999,Indiana Pacers,87,Toronto Raptors,88,Box Score,,18666,
Thu Apr 1 1999,Houston Rockets,87,Utah Jazz,88,Box Score,,19911,
Fri Apr 2 1999,Vancouver Grizzlies,81,Atlanta Hawks,84,Box Score,,8748,at Atlanta GA (Alexander Memorial Coliseum at McDonald's Center)
Fri Apr 2 1999,Milwaukee Bucks,84,Boston Celtics,83,Box Score,,18128,
Fri Apr 2 1999,Indiana Pacers,87,Charlotte Hornets,81,Box Score,,21649,
Fri Apr 2 1999,Orlando Magic,115,Chicago Bulls,68,Box Score,,22517,
Fri Apr 2 1999,Utah Jazz,92,Golden State Warriors,85,Box Score,,18423,
Fri Apr 2 1999,Denver Nuggets,88,Minnesota Timberwolves,107,Box Score,,15979,
Fri Apr 2 1999,Cleveland Cavaliers,85,Philadelphia 76ers,80,Box Score,,18126,
Fri Apr 2 1999,Los Angeles Lakers,91,Phoenix Suns,90,Box Score,,19023,
Fri Apr 2 1999,Seattle SuperSonics,95,Portland Trail Blazers,107,Box Score,,20341,
Sat Apr 3 1999,Orlando Magic,92,Detroit Pistons,77,Box Score,,22076,
Sat Apr 3 1999,Golden State Warriors,81,Los Angeles Lakers,76,Box Score,,17505,
Sat Apr 3 1999,Sacramento Kings,96,Minnesota Timberwolves,105,Box Score,,17011,
Sat Apr 3 1999,Miami Heat,77,New Jersey Nets,88,Box Score,,18114,
Sat Apr 3 1999,Phoenix Suns,93,Portland Trail Blazers,98,Box Score,,20056,
Sat Apr 3 1999,Los Angeles Clippers,82,San Antonio Spurs,103,Box Score,,17915,
Sat Apr 3 1999,Washington Wizards,85,Toronto Raptors,87,Box Score,,18929,
Sun Apr 4 1999,Charlotte Hornets,83,Atlanta Hawks,85,Box Score,,7149,at Atlanta GA (Alexander Memorial Coliseum at McDonald's Center)
Sun Apr 4 1999,New Jersey Nets,91,Boston Celtics,79,Box Score,,16339,
Sun Apr 4 1999,Vancouver Grizzlies,87,Chicago Bulls,88,Box Score,,22198,
Sun Apr 4 1999,Milwaukee Bucks,74,Cleveland Cavaliers,98,Box Score,,12041,
Sun Apr 4 1999,Los Angeles Clippers,80,Denver Nuggets,82,Box Score,,8404,
Sun Apr 4 1999,New York Knicks,95,Indiana Pacers,108,Box Score,,16731,
Sun Apr 4 1999,Houston Rockets,84,Seattle SuperSonics,101,Box Score,,17072,
Sun Apr 4 1999,Philadelphia 76ers,82,Toronto Raptors,97,Box Score,,18462,
Sun Apr 4 1999,Miami Heat,90,Washington Wizards,79,Box Score,,14951,
Mon Apr 5 1999,Atlanta Hawks,77,Charlotte Hornets,71,Box Score,,17927,
Mon Apr 5 1999,Indiana Pacers,88,Detroit Pistons,86,Box Score,,19642,
Mon Apr 5 1999,Denver Nuggets,104,Los Angeles Lakers,117,Box Score,,17505,
Mon Apr 5 1999,Dallas Mavericks,93,Minnesota Timberwolves,100,Box Score,,14107,
Mon Apr 5 1999,Boston Celtics,99,Orlando Magic,106,Box Score,,17248,
Mon Apr 5 1999,Golden State Warriors,86,San Antonio Spurs,93,Box Score,,14773,
Tue Apr 6 1999,Chicago Bulls,89,Cleveland Cavaliers,96,Box Score,,14739,
Tue Apr 6 1999,Golden State Warriors,74,Houston Rockets,111,Box Score,,16285,
Tue Apr 6 1999,Phoenix Suns,88,Los Angeles Clippers,83,Box Score,,6450,
Tue Apr 6 1999,Utah Jazz,106,Los Angeles Lakers,93,Box Score,,17505,
Tue Apr 6 1999,Orlando Magic,81,New York Knicks,72,Box Score,,19763,
Tue Apr 6 1999,Milwaukee Bucks,87,Philadelphia 76ers,95,Box Score,,16055,
Tue Apr 6 1999,Vancouver Grizzlies,89,Portland Trail Blazers,98,Box Score,,18105,
Tue Apr 6 1999,Sacramento Kings,112,Seattle SuperSonics,106,Box Score,OT,17072,
Tue Apr 6 1999,Miami Heat,92,Toronto Raptors,70,Box Score,,19209,
Tue Apr 6 1999,New Jersey Nets,97,Washington Wizards,93,Box Score,,13101,
Wed Apr 7 1999,Washington Wizards,87,Boston Celtics,108,Box Score,,15901,
Wed Apr 7 1999,New York Knicks,82,Charlotte Hornets,106,Box Score,,19810,
Wed Apr 7 1999,Indiana Pacers,91,Chicago Bulls,74,Box Score,,22484,
Wed Apr 7 1999,Atlanta Hawks,82,Detroit Pistons,89,Box Score,,16568,
Wed Apr 7 1999,Dallas Mavericks,87,Miami Heat,93,Box Score,,15200,
Wed Apr 7 1999,Cleveland Cavaliers,91,Milwaukee Bucks,99,Box Score,,16809,
Wed Apr 7 1999,Philadelphia 76ers,96,New Jersey Nets,92,Box Score,,16041,
Wed Apr 7 1999,Minnesota Timberwolves,82,Phoenix Suns,90,Box Score,,19023,
Wed Apr 7 1999,Los Angeles Lakers,104,Sacramento Kings,89,Box Score,,17317,
Wed Apr 7 1999,Denver Nuggets,87,Vancouver Grizzlies,84,Box Score,,17151,
Thu Apr 8 1999,Orlando Magic,73,Cleveland Cavaliers,69,Box Score,,14512,
Thu Apr 8 1999,San Antonio Spurs,92,Houston Rockets,83,Box Score,,16285,
Thu Apr 8 1999,Minnesota Timberwolves,91,Los Angeles Clippers,99,Box Score,,7205,
Thu Apr 8 1999,Portland Trail Blazers,86,Seattle SuperSonics,87,Box Score,,17072,
Thu Apr 8 1999,Boston Celtics,101,Toronto Raptors,89,Box Score,,16949,
Thu Apr 8 1999,Golden State Warriors,85,Utah Jazz,92,Box Score,,19506,
Fri Apr 9 1999,New York Knicks,86,Atlanta Hawks,78,Box Score,,21673,
Fri Apr 9 1999,Philadelphia 76ers,83,Boston Celtics,67,Box Score,,18624,
Fri Apr 9 1999,Washington Wizards,88,Charlotte Hornets,90,Box Score,,19038,
Fri Apr 9 1999,Detroit Pistons,102,Indiana Pacers,101,Box Score,,16720,
Fri Apr 9 1999,Minnesota Timberwolves,89,Los Angeles Lakers,96,Box Score,,17505,
Fri Apr 9 1999,Toronto Raptors,99,New Jersey Nets,106,Box Score,,15764,
Fri Apr 9 1999,Milwaukee Bucks,83,Orlando Magic,95,Box Score,,16854,
Fri Apr 9 1999,Phoenix Suns,92,Utah Jazz,93,Box Score,,19911,
Fri Apr 9 1999,Seattle SuperSonics,93,Vancouver Grizzlies,98,Box Score,,19193,
Sat Apr 10 1999,Miami Heat,82,Chicago Bulls,49,Box Score,,22508,
Sat Apr 10 1999,Atlanta Hawks,67,Cleveland Cavaliers,81,Box Score,,13859,
Sat Apr 10 1999,Golden State Warriors,91,Dallas Mavericks,90,Box Score,,14218,
Sat Apr 10 1999,Charlotte Hornets,92,Indiana Pacers,90,Box Score,,16702,
Sat Apr 10 1999,Portland Trail Blazers,97,Los Angeles Clippers,70,Box Score,,12853,at Anaheim CA
Sat Apr 10 1999,San Antonio Spurs,84,Phoenix Suns,110,Box Score,,19023,
Sat Apr 10 1999,Denver Nuggets,104,Sacramento Kings,110,Box Score,,17317,
Sun Apr 11 1999,Chicago Bulls,81,Boston Celtics,87,Box Score,,17169,
Sun Apr 11 1999,Seattle SuperSonics,113,Los Angeles Lakers,109,Box Score,,17505,
Sun Apr 11 1999,Milwaukee Bucks,92,Miami Heat,95,Box Score,,15200,
Sun Apr 11 1999,Detroit Pistons,79,Minnesota Timberwolves,88,Box Score,,19006,
Sun Apr 11 1999,New York Knicks,93,New Jersey Nets,78,Box Score,,20049,
Sun Apr 11 1999,Los Angeles Clippers,89,Portland Trail Blazers,83,Box Score,,18101,
Sun Apr 11 1999,Houston Rockets,76,Utah Jazz,85,Box Score,,19804,
Sun Apr 11 1999,Sacramento Kings,91,Vancouver Grizzlies,88,Box Score,,17167,
Sun Apr 11 1999,Philadelphia 76ers,98,Washington Wizards,105,Box Score,,18761,
Mon Apr 12 1999,Cleveland Cavaliers,89,Boston Celtics,103,Box Score,,15622,
Mon Apr 12 1999,Golden State Warriors,104,Denver Nuggets,96,Box Score,,9812,
Mon Apr 12 1999,Charlotte Hornets,92,Detroit Pistons,86,Box Score,,14355,
Mon Apr 12 1999,Houston Rockets,95,Minnesota Timberwolves,90,Box Score,,16093,
Mon Apr 12 1999,Phoenix Suns,77,San Antonio Spurs,94,Box Score,,14352,
Mon Apr 12 1999,Indiana Pacers,109,Toronto Raptors,99,Box Score,,19427,
Mon Apr 12 1999,Vancouver Grizzlies,80,Utah Jazz,98,Box Score,,19911,
Tue Apr 13 1999,Washington Wizards,77,Cleveland Cavaliers,86,Box Score,,11533,
Tue Apr 13 1999,San Antonio Spurs,86,Dallas Mavericks,92,Box Score,,13142,
Tue Apr 13 1999,New Jersey Nets,101,Los Angeles Clippers,109,Box Score,,6218,
Tue Apr 13 1999,Chicago Bulls,74,Miami Heat,90,Box Score,,15200,
Tue Apr 13 1999,Atlanta Hawks,84,Milwaukee Bucks,91,Box Score,,12974,
Tue Apr 13 1999,Philadelphia 76ers,72,New York Knicks,91,Box Score,,19763,
Tue Apr 13 1999,Los Angeles Lakers,86,Portland Trail Blazers,113,Box Score,,20705,
Tue Apr 13 1999,Utah Jazz,105,Sacramento Kings,100,Box Score,OT,17317,
Wed Apr 14 1999,Atlanta Hawks,77,Boston Celtics,70,Box Score,,15364,
Wed Apr 14 1999,Detroit Pistons,79,Charlotte Hornets,83,Box Score,,18229,
Wed Apr 14 1999,Cleveland Cavaliers,89,Chicago Bulls,81,Box Score,,22102,
Wed Apr 14 1999,New Jersey Nets,97,Denver Nuggets,120,Box Score,,10324,
Wed Apr 14 1999,Vancouver Grizzlies,85,Houston Rockets,102,Box Score,,16285,
Wed Apr 14 1999,Orlando Magic,80,Indiana Pacers,83,Box Score,,16590,
Wed Apr 14 1999,Miami Heat,86,Milwaukee Bucks,98,Box Score,,14395,
Wed Apr 14 1999,Toronto Raptors,78,Philadelphia 76ers,96,Box Score,,17474,
Wed Apr 14 1999,Minnesota Timberwolves,79,San Antonio Spurs,95,Box Score,,15864,
Wed Apr 14 1999,Phoenix Suns,101,Seattle SuperSonics,94,Box Score,,17072,
Wed Apr 14 1999,New York Knicks,89,Washington Wizards,95,Box Score,OT,17428,
Thu Apr 15 1999,Minnesota Timberwolves,95,Dallas Mavericks,101,Box Score,,13034,
Thu Apr 15 1999,Denver Nuggets,79,Golden State Warriors,85,Box Score,,9130,
Thu Apr 15 1999,Portland Trail Blazers,76,Houston Rockets,86,Box Score,,16285,
Thu Apr 15 1999,Utah Jazz,103,Los Angeles Clippers,89,Box Score,,10447,
Thu Apr 15 1999,Seattle SuperSonics,99,Sacramento Kings,98,Box Score,OT,17317,
Fri Apr 16 1999,Orlando Magic,79,Atlanta Hawks,91,Box Score,,17169,
Fri Apr 16 1999,Miami Heat,81,Boston Celtics,82,Box Score,,18624,
Fri Apr 16 1999,New York Knicks,71,Detroit Pistons,80,Box Score,,22076,
Fri Apr 16 1999,Los Angeles Clippers,86,Golden State Warriors,83,Box Score,,10437,
Fri Apr 16 1999,Charlotte Hornets,95,Milwaukee Bucks,94,Box Score,,18010,
Fri Apr 16 1999,Vancouver Grizzlies,75,Minnesota Timberwolves,89,Box Score,,18347,
Fri Apr 16 1999,Indiana Pacers,83,Philadelphia 76ers,93,Box Score,,20665,
Fri Apr 16 1999,Dallas Mavericks,85,Phoenix Suns,92,Box Score,,18623,
Fri Apr 16 1999,Portland Trail Blazers,80,San Antonio Spurs,81,Box Score,,21368,
Fri Apr 16 1999,New Jersey Nets,121,Seattle SuperSonics,91,Box Score,,17072,
Fri Apr 16 1999,Cleveland Cavaliers,91,Toronto Raptors,90,Box Score,OT,19280,
Fri Apr 16 1999,Chicago Bulls,70,Washington Wizards,87,Box Score,,14248,
Sat Apr 17 1999,Charlotte Hornets,90,Cleveland Cavaliers,82,Box Score,,15357,
Sat Apr 17 1999,Portland Trail Blazers,102,Dallas Mavericks,94,Box Score,,13358,
Sat Apr 17 1999,Toronto Raptors,93,New York Knicks,90,Box Score,,19763,
Sat Apr 17 1999,Denver Nuggets,97,Sacramento Kings,119,Box Score,,16285,
Sat Apr 17 1999,Los Angeles Lakers,93,Utah Jazz,109,Box Score,,19911,
Sun Apr 18 1999,Milwaukee Bucks,77,Chicago Bulls,79,Box Score,,22296,
Sun Apr 18 1999,Denver Nuggets,103,Los Angeles Clippers,101,Box Score,,9450,
Sun Apr 18 1999,Indiana Pacers,88,Miami Heat,92,Box Score,,15200,
Sun Apr 18 1999,Utah Jazz,97,Minnesota Timberwolves,76,Box Score,,17472,
Sun Apr 18 1999,Philadelphia 76ers,79,New Jersey Nets,86,Box Score,,20049,
Sun Apr 18 1999,Detroit Pistons,81,Orlando Magic,88,Box Score,,17248,
Sun Apr 18 1999,Seattle SuperSonics,93,Phoenix Suns,99,Box Score,,19023,
Sun Apr 18 1999,Houston Rockets,83,San Antonio Spurs,86,Box Score,,24077,
Sun Apr 18 1999,Golden State Warriors,90,Vancouver Grizzlies,85,Box Score,,17063,
Sun Apr 18 1999,Boston Celtics,101,Washington Wizards,98,Box Score,,14964,
Mon Apr 19 1999,Indiana Pacers,120,Boston Celtics,104,Box Score,,18352,
Mon Apr 19 1999,Miami Heat,94,Cleveland Cavaliers,87,Box Score,,13111,
Mon Apr 19 1999,Seattle SuperSonics,113,Houston Rockets,120,Box Score,,16285,
Mon Apr 19 1999,Sacramento Kings,102,Los Angeles Clippers,98,Box Score,,10878,at Anaheim CA
Mon Apr 19 1999,Vancouver Grizzlies,102,Los Angeles Lakers,117,Box Score,,17505,
Mon Apr 19 1999,Charlotte Hornets,120,New Jersey Nets,113,Box Score,,15178,
Mon Apr 19 1999,New York Knicks,67,Philadelphia 76ers,72,Box Score,,18049,
Mon Apr 19 1999,Orlando Magic,72,Toronto Raptors,90,Box Score,,17715,
Tue Apr 20 1999,Washington Wizards,77,Chicago Bulls,83,Box Score,,22102,
Tue Apr 20 1999,Phoenix Suns,100,Dallas Mavericks,104,Box Score,,18121,
Tue Apr 20 1999,Los Angeles Lakers,106,Golden State Warriors,102,Box Score,OT,20108,
Tue Apr 20 1999,Orlando Magic,83,Milwaukee Bucks,95,Box Score,,14289,
Tue Apr 20 1999,Atlanta Hawks,103,Toronto Raptors,81,Box Score,,18439,
Tue Apr 20 1999,San Antonio Spurs,83,Utah Jazz,69,Box Score,,19911,
Wed Apr 21 1999,Philadelphia 76ers,80,Boston Celtics,78,Box Score,,18287,
Wed Apr 21 1999,Detroit Pistons,85,Charlotte Hornets,88,Box Score,,19385,
Wed Apr 21 1999,Dallas Mavericks,109,Houston Rockets,95,Box Score,,16285,
Wed Apr 21 1999,Milwaukee Bucks,100,Indiana Pacers,108,Box Score,OT,16550,
Wed Apr 21 1999,Cleveland Cavaliers,80,Miami Heat,93,Box Score,,15200,
Wed Apr 21 1999,Chicago Bulls,87,New Jersey Nets,99,Box Score,,15874,
Wed Apr 21 1999,Utah Jazz,82,Phoenix Suns,91,Box Score,,19023,
Wed Apr 21 1999,Los Angeles Lakers,82,Portland Trail Blazers,88,Box Score,,20713,
Wed Apr 21 1999,Golden State Warriors,94,Sacramento Kings,103,Box Score,,17087,
Wed Apr 21 1999,Minnesota Timberwolves,105,Seattle SuperSonics,119,Box Score,,17072,
Wed Apr 21 1999,Los Angeles Clippers,94,Vancouver Grizzlies,97,Box Score,,15885,
Wed Apr 21 1999,Toronto Raptors,107,Washington Wizards,91,Box Score,,12214,
Thu Apr 22 1999,Boston Celtics,94,Atlanta Hawks,106,Box Score,,8298,at Atlanta GA (Alexander Memorial Coliseum at McDonald's Center)
Thu Apr 22 1999,Philadelphia 76ers,104,Detroit Pistons,96,Box Score,,18652,
Thu Apr 22 1999,Miami Heat,75,Orlando Magic,70,Box Score,,17248,
Thu Apr 22 1999,Dallas Mavericks,76,San Antonio Spurs,103,Box Score,,18720,
Fri Apr 23 1999,Boston Celtics,100,Chicago Bulls,71,Box Score,,22969,
Fri Apr 23 1999,Golden State Warriors,84,Denver Nuggets,96,Box Score,,11317,
Fri Apr 23 1999,Houston Rockets,101,Los Angeles Clippers,106,Box Score,OT,13855,
Fri Apr 23 1999,Cleveland Cavaliers,75,Milwaukee Bucks,79,Box Score,,17742,
Fri Apr 23 1999,Charlotte Hornets,105,New York Knicks,110,Box Score,,19763,
Fri Apr 23 1999,Toronto Raptors,95,Orlando Magic,88,Box Score,,17248,
Fri Apr 23 1999,Minnesota Timberwolves,97,Sacramento Kings,105,Box Score,,17317,
Fri Apr 23 1999,Portland Trail Blazers,85,Utah Jazz,96,Box Score,,19911,
Fri Apr 23 1999,Seattle SuperSonics,97,Vancouver Grizzlies,84,Box Score,,19193,
Fri Apr 23 1999,Atlanta Hawks,89,Washington Wizards,78,Box Score,,16941,
Sat Apr 24 1999,New Jersey Nets,82,Charlotte Hornets,97,Box Score,,20855,
Sat Apr 24 1999,Denver Nuggets,74,Golden State Warriors,93,Box Score,,15127,
Sat Apr 24 1999,Chicago Bulls,69,Indiana Pacers,87,Box Score,,16753,
Sat Apr 24 1999,Vancouver Grizzlies,96,Los Angeles Clippers,105,Box Score,,13493,
Sat Apr 24 1999,Dallas Mavericks,102,Sacramento Kings,105,Box Score,,17317,
Sat Apr 24 1999,Los Angeles Lakers,81,San Antonio Spurs,108,Box Score,,31972,
Sun Apr 25 1999,Milwaukee Bucks,70,Atlanta Hawks,85,Box Score,,8796,at Atlanta GA (Alexander Memorial Coliseum at McDonald's Center)
Sun Apr 25 1999,Washington Wizards,84,Boston Celtics,113,Box Score,,17211,
Sun Apr 25 1999,New York Knicks,82,Miami Heat,80,Box Score,,15200,
Sun Apr 25 1999,Indiana Pacers,98,New Jersey Nets,120,Box Score,,15050,
Sun Apr 25 1999,Orlando Magic,86,Philadelphia 76ers,103,Box Score,,20522,
Sun Apr 25 1999,Houston Rockets,71,Phoenix Suns,95,Box Score,,19023,
Sun Apr 25 1999,Minnesota Timberwolves,84,Portland Trail Blazers,100,Box Score,,20437,
Sun Apr 25 1999,Detroit Pistons,91,Toronto Raptors,83,Box Score,,19800,
Sun Apr 25 1999,Seattle SuperSonics,81,Utah Jazz,98,Box Score,,19352,
Mon Apr 26 1999,New York Knicks,91,Charlotte Hornets,84,Box Score,,19782,
Mon Apr 26 1999,Miami Heat,90,Cleveland Cavaliers,65,Box Score,,13857,
Mon Apr 26 1999,Chicago Bulls,93,Dallas Mavericks,101,Box Score,,13011,
Mon Apr 26 1999,Sacramento Kings,89,Golden State Warriors,114,Box Score,,16111,
Mon Apr 26 1999,Los Angeles Lakers,80,Houston Rockets,102,Box Score,,16285,
Mon Apr 26 1999,San Antonio Spurs,94,Los Angeles Clippers,88,Box Score,,8260,
Mon Apr 26 1999,Washington Wizards,91,Milwaukee Bucks,99,Box Score,,13201,
Mon Apr 26 1999,Denver Nuggets,77,Portland Trail Blazers,93,Box Score,,19476,
Mon Apr 26 1999,Phoenix Suns,99,Utah Jazz,85,Box Score,,19911,
Tue Apr 27 1999,Detroit Pistons,92,Boston Celtics,85,Box Score,,16408,
Tue Apr 27 1999,Vancouver Grizzlies,75,Dallas Mavericks,84,Box Score,,12650,
Tue Apr 27 1999,Orlando Magic,88,Indiana Pacers,87,Box Score,,16579,
Tue Apr 27 1999,Miami Heat,95,New Jersey Nets,76,Box Score,,15883,
Tue Apr 27 1999,Cleveland Cavaliers,71,Philadelphia 76ers,80,Box Score,,17822,
Tue Apr 27 1999,San Antonio Spurs,100,Sacramento Kings,104,Box Score,OT,16776,
Tue Apr 27 1999,Utah Jazz,85,Seattle SuperSonics,90,Box Score,,17072,
Tue Apr 27 1999,Charlotte Hornets,108,Toronto Raptors,98,Box Score,,19800,
Wed Apr 28 1999,New York Knicks,73,Atlanta Hawks,76,Box Score,,13474,
Wed Apr 28 1999,New Jersey Nets,93,Detroit Pistons,101,Box Score,,17795,
Wed Apr 28 1999,Toronto Raptors,102,Milwaukee Bucks,115,Box Score,,15463,
Wed Apr 28 1999,Phoenix Suns,92,Minnesota Timberwolves,97,Box Score,,16771,
Wed Apr 28 1999,Washington Wizards,86,Orlando Magic,93,Box Score,,15151,
Wed Apr 28 1999,Seattle SuperSonics,84,Portland Trail Blazers,119,Box Score,,20311,
Thu Apr 29 1999,Phoenix Suns,98,Denver Nuggets,87,Box Score,,13129,
Thu Apr 29 1999,Dallas Mavericks,91,Houston Rockets,81,Box Score,,16285,
Thu Apr 29 1999,Charlotte Hornets,110,Indiana Pacers,115,Box Score,OT,16228,
Thu Apr 29 1999,Portland Trail Blazers,89,Los Angeles Lakers,108,Box Score,,17505,
Thu Apr 29 1999,Boston Celtics,107,Miami Heat,96,Box Score,,15200,
Thu Apr 29 1999,Philadelphia 76ers,70,New York Knicks,85,Box Score,,19763,
Thu Apr 29 1999,Los Angeles Clippers,81,Sacramento Kings,103,Box Score,,16938,
Thu Apr 29 1999,Golden State Warriors,85,Utah Jazz,96,Box Score,,19911,
Thu Apr 29 1999,San Antonio Spurs,99,Vancouver Grizzlies,72,Box Score,,18448,
Thu Apr 29 1999,Cleveland Cavaliers,86,Washington Wizards,97,Box Score,,12751,
Fri Apr 30 1999,Indiana Pacers,92,Atlanta Hawks,90,Box Score,OT,24003,
Fri Apr 30 1999,Chicago Bulls,88,Charlotte Hornets,92,Box Score,,20536,
Fri Apr 30 1999,Toronto Raptors,83,Cleveland Cavaliers,91,Box Score,,13958,
Fri Apr 30 1999,Utah Jazz,91,Houston Rockets,78,Box Score,,16285,
Fri Apr 30 1999,Detroit Pistons,81,Milwaukee Bucks,76,Box Score,,18717,
Fri Apr 30 1999,Golden State Warriors,85,Minnesota Timberwolves,90,Box Score,,18157,
Fri Apr 30 1999,New Jersey Nets,95,Orlando Magic,107,Box Score,,16589,
Fri Apr 30 1999,Denver Nuggets,101,Seattle SuperSonics,111,Box Score,,17072,
Sat May 1 1999,Milwaukee Bucks,88,Boston Celtics,79,Box Score,,18089,
Sat May 1 1999,Golden State Warriors,94,Dallas Mavericks,105,Box Score,,15669,
Sat May 1 1999,Chicago Bulls,101,Miami Heat,86,Box Score,,15200,
Sat May 1 1999,Los Angeles Clippers,93,Minnesota Timberwolves,103,Box Score,,17203,
Sat May 1 1999,Washington Wizards,91,New Jersey Nets,102,Box Score,,16278,
Sat May 1 1999,Toronto Raptors,96,Philadelphia 76ers,103,Box Score,,20550,
Sat May 1 1999,Vancouver Grizzlies,77,Phoenix Suns,107,Box Score,,19023,
Sat May 1 1999,Portland Trail Blazers,90,San Antonio Spurs,98,Box Score,OT,28806,
Sun May 2 1999,Atlanta Hawks,76,Cleveland Cavaliers,65,Box Score,,12690,
Sun May 2 1999,Portland Trail Blazers,110,Denver Nuggets,102,Box Score,,13920,
Sun May 2 1999,Philadelphia 76ers,96,Detroit Pistons,100,Box Score,,22076,
Sun May 2 1999,Los Angeles Clippers,84,Houston Rockets,110,Box Score,,16285,
Sun May 2 1999,New York Knicks,71,Indiana Pacers,94,Box Score,,16730,
Sun May 2 1999,Charlotte Hornets,93,Miami Heat,100,Box Score,,15200,
Sun May 2 1999,Phoenix Suns,100,Sacramento Kings,111,Box Score,,17317,
Sun May 2 1999,Utah Jazz,78,San Antonio Spurs,84,Box Score,,35122,
Sun May 2 1999,Los Angeles Lakers,91,Seattle SuperSonics,84,Box Score,,17072,
Mon May 3 1999,Detroit Pistons,115,Chicago Bulls,71,Box Score,,22306,
Mon May 3 1999,Sacramento Kings,112,Denver Nuggets,104,Box Score,,14653,
Mon May 3 1999,Dallas Mavericks,102,Los Angeles Lakers,115,Box Score,,17505,
Mon May 3 1999,Boston Celtics,88,New York Knicks,95,Box Score,,19763,
Mon May 3 1999,Golden State Warriors,91,Vancouver Grizzlies,83,Box Score,,17990,
Mon May 3 1999,New Jersey Nets,102,Washington Wizards,113,Box Score,,14206,
Tue May 4 1999,Philadelphia 76ers,110,Charlotte Hornets,117,Box Score,OT,20125,
Tue May 4 1999,Minnesota Timberwolves,83,Houston Rockets,100,Box Score,,16285,
Tue May 4 1999,Cleveland Cavaliers,78,Indiana Pacers,100,Box Score,,16219,
Tue May 4 1999,Atlanta Hawks,79,Miami Heat,93,Box Score,,15200,
Tue May 4 1999,Toronto Raptors,86,Milwaukee Bucks,99,Box Score,,13859,
Tue May 4 1999,San Antonio Spurs,87,Portland Trail Blazers,81,Box Score,,20715,
Tue May 4 1999,Dallas Mavericks,100,Seattle SuperSonics,110,Box Score,,17072,
Tue May 4 1999,Los Angeles Clippers,82,Utah Jazz,99,Box Score,,19911,
Wed May 5 1999,Washington Wizards,92,Atlanta Hawks,100,Box Score,,16899,
Wed May 5 1999,Charlotte Hornets,133,Boston Celtics,129,Box Score,2OT,16635,
Wed May 5 1999,Orlando Magic,103,Chicago Bulls,83,Box Score,,22567,
Wed May 5 1999,Houston Rockets,95,Denver Nuggets,88,Box Score,,17171,
Wed May 5 1999,San Antonio Spurs,88,Golden State Warriors,81,Box Score,,17235,
Wed May 5 1999,Seattle SuperSonics,107,Los Angeles Clippers,105,Box Score,,15372,
Wed May 5 1999,Portland Trail Blazers,91,Los Angeles Lakers,119,Box Score,,17505,
Wed May 5 1999,Milwaukee Bucks,107,New Jersey Nets,115,Box Score,,15764,
Wed May 5 1999,Miami Heat,88,New York Knicks,101,Box Score,,19763,
Wed May 5 1999,Detroit Pistons,100,Philadelphia 76ers,105,Box Score,OT,20192,
Wed May 5 1999,Minnesota Timberwolves,96,Phoenix Suns,100,Box Score,,18773,
Wed May 5 1999,Vancouver Grizzlies,95,Sacramento Kings,99,Box Score,,17317,
Wed May 5 1999,Cleveland Cavaliers,87,Toronto Raptors,96,Box Score,,19800,
Sat May 8 1999,Detroit Pistons,70,Atlanta Hawks,90,Box Score,,20884,
Sat May 8 1999,New York Knicks,95,Miami Heat,75,Box Score,,15036,
Sat May 8 1999,Phoenix Suns,85,Portland Trail Blazers,95,Box Score,,20040,
Sat May 8 1999,Sacramento Kings,87,Utah Jazz,117,Box Score,,19911,
Sun May 9 1999,Milwaukee Bucks,88,Indiana Pacers,110,Box Score,,16560,
Sun May 9 1999,Houston Rockets,100,Los Angeles Lakers,101,Box Score,,17505,
Sun May 9 1999,Philadelphia 76ers,104,Orlando Magic,90,Box Score,,15267,
Sun May 9 1999,Minnesota Timberwolves,86,San Antonio Spurs,99,Box Score,,22356,
Mon May 10 1999,Detroit Pistons,69,Atlanta Hawks,89,Box Score,,16377,
Mon May 10 1999,New York Knicks,73,Miami Heat,83,Box Score,,15200,
Mon May 10 1999,Phoenix Suns,99,Portland Trail Blazers,110,Box Score,,20588,
Mon May 10 1999,Sacramento Kings,101,Utah Jazz,90,Box Score,,19911,
Tue May 11 1999,Milwaukee Bucks,107,Indiana Pacers,108,Box Score,OT,16608,
Tue May 11 1999,Houston Rockets,98,Los Angeles Lakers,110,Box Score,,17505,
Tue May 11 1999,Philadelphia 76ers,68,Orlando Magic,79,Box Score,,16345,
Tue May 11 1999,Minnesota Timberwolves,80,San Antonio Spurs,71,Box Score,,22494,
Wed May 12 1999,Atlanta Hawks,63,Detroit Pistons,79,Box Score,,14812,
Wed May 12 1999,Miami Heat,73,New York Knicks,97,Box Score,,19763,
Wed May 12 1999,Portland Trail Blazers,103,Phoenix Suns,93,Box Score,,17306,
Wed May 12 1999,Utah Jazz,81,Sacramento Kings,84,Box Score,OT,17317,
Thu May 13 1999,Los Angeles Lakers,88,Houston Rockets,102,Box Score,,16285,
Thu May 13 1999,Indiana Pacers,99,Milwaukee Bucks,91,Box Score,,18717,
Thu May 13 1999,San Antonio Spurs,85,Minnesota Timberwolves,71,Box Score,,17444,
Thu May 13 1999,Orlando Magic,85,Philadelphia 76ers,97,Box Score,,20874,
Fri May 14 1999,Atlanta Hawks,82,Detroit Pistons,103,Box Score,,16216,
Fri May 14 1999,Miami Heat,87,New York Knicks,72,Box Score,,19763,
Fri May 14 1999,Utah Jazz,90,Sacramento Kings,89,Box Score,,17317,
Sat May 15 1999,Los Angeles Lakers,98,Houston Rockets,88,Box Score,,16285,
Sat May 15 1999,San Antonio Spurs,92,Minnesota Timberwolves,85,Box Score,,15898,
Sat May 15 1999,Orlando Magic,91,Philadelphia 76ers,101,Box Score,,20550,
Sun May 16 1999,Detroit Pistons,75,Atlanta Hawks,87,Box Score,,8460,at Atlanta GA (Alexander Memorial Coliseum at McDonald's Center)
Sun May 16 1999,New York Knicks,78,Miami Heat,77,Box Score,,14985,
Sun May 16 1999,Sacramento Kings,92,Utah Jazz,99,Box Score,OT,19911,
Mon May 17 1999,Philadelphia 76ers,90,Indiana Pacers,94,Box Score,,16723,
Mon May 17 1999,Los Angeles Lakers,81,San Antonio Spurs,87,Box Score,,25297,
Tue May 18 1999,New York Knicks,100,Atlanta Hawks,92,Box Score,,18513,
Tue May 18 1999,Portland Trail Blazers,83,Utah Jazz,93,Box Score,,19911,
Wed May 19 1999,Philadelphia 76ers,82,Indiana Pacers,85,Box Score,,16795,
Wed May 19 1999,Los Angeles Lakers,76,San Antonio Spurs,79,Box Score,,33293,
Thu May 20 1999,New York Knicks,77,Atlanta Hawks,70,Box Score,,22558,
Thu May 20 1999,Portland Trail Blazers,84,Utah Jazz,81,Box Score,,19911,
Fri May 21 1999,Indiana Pacers,97,Philadelphia 76ers,86,Box Score,,20930,
Sat May 22 1999,San Antonio Spurs,103,Los Angeles Lakers,91,Box Score,,17505,
Sat May 22 1999,Utah Jazz,87,Portland Trail Blazers,97,Box Score,,20720,
Sun May 23 1999,San Antonio Spurs,118,Los Angeles Lakers,107,Box Score,,17505,
Sun May 23 1999,Atlanta Hawks,78,New York Knicks,90,Box Score,,19763,
Sun May 23 1999,Indiana Pacers,89,Philadelphia 76ers,86,Box Score,,20844,
Sun May 23 1999,Utah Jazz,75,Portland Trail Blazers,81,Box Score,,20720,
Mon May 24 1999,Atlanta Hawks,66,New York Knicks,79,Box Score,,19763,
Tue May 25 1999,Portland Trail Blazers,71,Utah Jazz,88,Box Score,,19911,
Thu May 27 1999,Utah Jazz,80,Portland Trail Blazers,92,Box Score,,20727,
Sat May 29 1999,Portland Trail Blazers,76,San Antonio Spurs,80,Box Score,,35165,
Sun May 30 1999,New York Knicks,93,Indiana Pacers,90,Box Score,,16575,
Mon May 31 1999,Portland Trail Blazers,85,San Antonio Spurs,86,Box Score,,35260,
Tue Jun 1 1999,New York Knicks,86,Indiana Pacers,88,Box Score,,16586,
Fri Jun 4 1999,San Antonio Spurs,85,Portland Trail Blazers,63,Box Score,,20732,
Sat Jun 5 1999,Indiana Pacers,91,New York Knicks,92,Box Score,,19763,
Sun Jun 6 1999,San Antonio Spurs,94,Portland Trail Blazers,80,Box Score,,20735,
Mon Jun 7 1999,Indiana Pacers,90,New York Knicks,78,Box Score,,19763,
Wed Jun 9 1999,New York Knicks,101,Indiana Pacers,94,Box Score,,16541,
Fri Jun 11 1999,Indiana Pacers,82,New York Knicks,90,Box Score,,19763,
Wed Jun 16 1999,New York Knicks,77,San Antonio Spurs,89,Box Score,,39514,
Fri Jun 18 1999,New York Knicks,67,San Antonio Spurs,80,Box Score,,39554,
Mon Jun 21 1999,San Antonio Spurs,81,New York Knicks,89,Box Score,,19763,
Wed Jun 23 1999,San Antonio Spurs,96,New York Knicks,89,Box Score,,19763,
Fri Jun 25 1999,San Antonio Spurs,78,New York Knicks,77,Box Score,,19763,